EventDateTime,epoch,value
2023-09-14 18:11:46,1694715106,313.00
2023-09-14 18:11:47,1694715107,313.00
2023-09-14 18:11:48,1694715108,313.00
2023-09-14 18:11:49,1694715109,313.00
2023-09-14 18:11:50,1694715110,313.00
2023-09-14 18:11:51,1694715111,238.00
2023-09-14 18:11:52,1694715112,238.00
2023-09-14 18:11:53,1694715113,238.00
2023-09-14 18:11:54,1694715114,238.00
2023-09-14 18:11:55,1694715115,238.00
2023-09-14 18:11:56,1694715116,225.00
2023-09-14 18:11:57,1694715117,225.00
2023-09-14 18:11:58,1694715118,225.00
2023-09-14 18:11:59,1694715119,225.00
2023-09-14 18:12:00,1694715120,225.00
2023-09-14 18:12:01,1694715121,218.00
2023-09-14 18:12:02,1694715122,218.00
2023-09-14 18:12:03,1694715123,218.00
2023-09-14 18:12:04,1694715124,218.00
2023-09-14 18:12:05,1694715125,218.00
2023-09-14 18:12:06,1694715126,214.00
2023-09-14 18:12:07,1694715127,214.00
2023-09-14 18:12:08,1694715128,214.00
2023-09-14 18:12:09,1694715129,214.00
2023-09-14 18:12:10,1694715130,214.00
2023-09-14 18:12:11,1694715131,211.00
2023-09-14 18:12:12,1694715132,211.00
2023-09-14 18:12:13,1694715133,211.00
2023-09-14 18:12:14,1694715134,211.00
2023-09-14 18:12:15,1694715135,211.00
2023-09-14 18:12:16,1694715136,210.00
2023-09-14 18:12:17,1694715137,210.00
2023-09-14 18:12:18,1694715138,210.00
2023-09-14 18:12:19,1694715139,210.00
2023-09-14 18:12:20,1694715140,210.00
2023-09-14 18:12:21,1694715141,209.00
2023-09-14 18:12:22,1694715142,209.00
2023-09-14 18:12:23,1694715143,209.00
2023-09-14 18:12:24,1694715144,209.00
2023-09-14 18:12:25,1694715145,209.00
2023-09-14 18:12:26,1694715146,208.00
2023-09-14 18:12:27,1694715147,208.00
2023-09-14 18:12:28,1694715148,208.00
2023-09-14 18:12:29,1694715149,208.00
2023-09-14 18:12:30,1694715150,208.00
2023-09-14 18:12:31,1694715151,207.00
2023-09-14 18:12:32,1694715152,207.00
2023-09-14 18:12:33,1694715153,207.00
2023-09-14 18:12:34,1694715154,207.00
2023-09-14 18:12:35,1694715155,207.00
2023-09-14 18:12:36,1694715156,207.00
2023-09-14 18:12:37,1694715157,207.00
2023-09-14 18:12:38,1694715158,207.00
2023-09-14 18:12:39,1694715159,207.00
2023-09-14 18:12:40,1694715160,207.00
2023-09-14 18:12:41,1694715161,206.00
2023-09-14 18:12:42,1694715162,206.00
2023-09-14 18:12:43,1694715163,206.00
2023-09-14 18:12:44,1694715164,206.00
2023-09-14 18:12:45,1694715165,206.00
2023-09-14 18:12:46,1694715166,205.00
2023-09-14 18:12:47,1694715167,205.00
2023-09-14 18:12:48,1694715168,205.00
2023-09-14 18:12:49,1694715169,205.00
2023-09-14 18:12:50,1694715170,205.00
2023-09-14 18:12:51,1694715171,205.00
2023-09-14 18:12:52,1694715172,205.00
2023-09-14 18:12:53,1694715173,205.00
2023-09-14 18:12:54,1694715174,205.00
2023-09-14 18:12:55,1694715175,205.00
2023-09-14 18:12:56,1694715176,205.00
2023-09-14 18:12:57,1694715177,205.00
2023-09-14 18:12:58,1694715178,205.00
2023-09-14 18:12:59,1694715179,205.00
2023-09-14 18:13:00,1694715180,205.00
2023-09-14 18:13:01,1694715181,204.00
2023-09-14 18:13:02,1694715182,204.00
2023-09-14 18:13:03,1694715183,204.00
2023-09-14 18:13:04,1694715184,204.00
2023-09-14 18:13:05,1694715185,204.00
2023-09-14 18:13:06,1694715186,204.00
2023-09-14 18:13:07,1694715187,204.00
2023-09-14 18:13:08,1694715188,204.00
2023-09-14 18:13:09,1694715189,204.00
2023-09-14 18:13:10,1694715190,204.00
2023-09-14 18:13:11,1694715191,204.00
2023-09-14 18:13:12,1694715192,204.00
2023-09-14 18:13:13,1694715193,204.00
2023-09-14 18:13:14,1694715194,204.00
2023-09-14 18:13:15,1694715195,204.00
2023-09-14 18:13:16,1694715196,204.00
2023-09-14 18:13:17,1694715197,204.00
2023-09-14 18:13:18,1694715198,204.00
2023-09-14 18:13:19,1694715199,204.00
2023-09-14 18:13:20,1694715200,204.00
2023-09-14 18:13:21,1694715201,204.00
2023-09-14 18:13:22,1694715202,204.00
2023-09-14 18:13:23,1694715203,204.00
2023-09-14 18:13:24,1694715204,204.00
2023-09-14 18:13:25,1694715205,204.00
2023-09-14 18:13:26,1694715206,204.00
2023-09-14 18:13:27,1694715207,204.00
2023-09-14 18:13:28,1694715208,204.00
2023-09-14 18:13:29,1694715209,204.00
2023-09-14 18:13:30,1694715210,204.00
2023-09-14 18:13:31,1694715211,203.00
2023-09-14 18:13:32,1694715212,203.00
2023-09-14 18:13:33,1694715213,203.00
2023-09-14 18:13:34,1694715214,203.00
2023-09-14 18:13:35,1694715215,203.00
2023-09-14 18:13:36,1694715216,203.00
2023-09-14 18:13:37,1694715217,203.00
2023-09-14 18:13:38,1694715218,203.00
2023-09-14 18:13:39,1694715219,203.00
2023-09-14 18:13:40,1694715220,203.00
2023-09-14 18:13:41,1694715221,203.00
2023-09-14 18:13:42,1694715222,203.00
2023-09-14 18:13:43,1694715223,203.00
2023-09-14 18:13:44,1694715224,203.00
2023-09-14 18:13:45,1694715225,203.00
2023-09-14 18:13:46,1694715226,203.00
2023-09-14 18:13:47,1694715227,203.00
2023-09-14 18:13:48,1694715228,203.00
2023-09-14 18:13:49,1694715229,203.00
2023-09-14 18:13:50,1694715230,203.00
2023-09-14 18:13:51,1694715231,203.00
2023-09-14 18:13:52,1694715232,203.00
2023-09-14 18:13:53,1694715233,203.00
2023-09-14 18:13:54,1694715234,203.00
2023-09-14 18:13:55,1694715235,203.00
2023-09-14 18:13:56,1694715236,203.00
2023-09-14 18:13:57,1694715237,203.00
2023-09-14 18:13:58,1694715238,203.00
2023-09-14 18:13:59,1694715239,203.00
2023-09-14 18:14:00,1694715240,203.00
2023-09-14 18:14:01,1694715241,203.00
2023-09-14 18:14:02,1694715242,203.00
2023-09-14 18:14:03,1694715243,203.00
2023-09-14 18:14:04,1694715244,203.00
2023-09-14 18:14:05,1694715245,203.00
2023-09-14 18:14:06,1694715246,203.00
2023-09-14 18:14:07,1694715247,203.00
2023-09-14 18:14:08,1694715248,203.00
2023-09-14 18:14:09,1694715249,203.00
2023-09-14 18:14:10,1694715250,203.00
2023-09-14 18:14:11,1694715251,203.00
2023-09-14 18:14:12,1694715252,203.00
2023-09-14 18:14:13,1694715253,203.00
2023-09-14 18:14:14,1694715254,203.00
2023-09-14 18:14:15,1694715255,203.00
2023-09-14 18:14:16,1694715256,202.00
2023-09-14 18:14:17,1694715257,202.00
2023-09-14 18:14:18,1694715258,202.00
2023-09-14 18:14:19,1694715259,202.00
2023-09-14 18:14:20,1694715260,202.00
2023-09-14 18:14:21,1694715261,202.00
2023-09-14 18:14:22,1694715262,202.00
2023-09-14 18:14:23,1694715263,202.00
2023-09-14 18:14:24,1694715264,202.00
2023-09-14 18:14:25,1694715265,202.00
2023-09-14 18:14:26,1694715266,202.00
2023-09-14 18:14:27,1694715267,202.00
2023-09-14 18:14:28,1694715268,202.00
2023-09-14 18:14:29,1694715269,202.00
2023-09-14 18:14:30,1694715270,202.00
2023-09-14 18:14:31,1694715271,202.00
2023-09-14 18:14:32,1694715272,202.00
2023-09-14 18:14:33,1694715273,202.00
2023-09-14 18:14:34,1694715274,202.00
2023-09-14 18:14:35,1694715275,202.00
2023-09-14 18:14:36,1694715276,202.00
2023-09-14 18:14:37,1694715277,202.00
2023-09-14 18:14:38,1694715278,202.00
2023-09-14 18:14:39,1694715279,202.00
2023-09-14 18:14:40,1694715280,202.00
2023-09-14 18:14:41,1694715281,202.00
2023-09-14 18:14:42,1694715282,202.00
2023-09-14 18:14:43,1694715283,202.00
2023-09-14 18:14:44,1694715284,202.00
2023-09-14 18:14:45,1694715285,202.00
2023-09-14 18:14:46,1694715286,202.00
2023-09-14 18:14:47,1694715287,202.00
2023-09-14 18:14:48,1694715288,202.00
2023-09-14 18:14:49,1694715289,202.00
2023-09-14 18:14:50,1694715290,202.00
2023-09-14 18:14:51,1694715291,202.00
2023-09-14 18:14:52,1694715292,202.00
2023-09-14 18:14:53,1694715293,202.00
2023-09-14 18:14:54,1694715294,202.00
2023-09-14 18:14:55,1694715295,202.00
2023-09-14 18:14:56,1694715296,202.00
2023-09-14 18:14:57,1694715297,202.00
2023-09-14 18:14:58,1694715298,202.00
2023-09-14 18:14:59,1694715299,202.00
2023-09-14 18:15:00,1694715300,202.00
2023-09-14 18:15:01,1694715301,202.00
2023-09-14 18:15:02,1694715302,202.00
2023-09-14 18:15:03,1694715303,202.00
2023-09-14 18:15:04,1694715304,202.00
2023-09-14 18:15:05,1694715305,202.00
2023-09-14 18:15:06,1694715306,202.00
2023-09-14 18:15:07,1694715307,202.00
2023-09-14 18:15:08,1694715308,202.00
2023-09-14 18:15:09,1694715309,202.00
2023-09-14 18:15:10,1694715310,202.00
2023-09-14 18:15:11,1694715311,202.00
2023-09-14 18:15:12,1694715312,202.00
2023-09-14 18:15:13,1694715313,202.00
2023-09-14 18:15:14,1694715314,202.00
2023-09-14 18:15:15,1694715315,202.00
2023-09-14 18:15:16,1694715316,202.00
2023-09-14 18:15:17,1694715317,202.00
2023-09-14 18:15:18,1694715318,202.00
2023-09-14 18:15:19,1694715319,202.00
2023-09-14 18:15:20,1694715320,202.00
2023-09-14 18:15:21,1694715321,202.00
2023-09-14 18:15:22,1694715322,202.00
2023-09-14 18:15:23,1694715323,202.00
2023-09-14 18:15:24,1694715324,202.00
2023-09-14 18:15:25,1694715325,202.00
2023-09-14 18:15:26,1694715326,202.00
2023-09-14 18:15:27,1694715327,202.00
2023-09-14 18:15:28,1694715328,202.00
2023-09-14 18:15:29,1694715329,202.00
2023-09-14 18:15:30,1694715330,202.00
2023-09-14 18:15:31,1694715331,202.00
2023-09-14 18:15:32,1694715332,202.00
2023-09-14 18:15:33,1694715333,202.00
2023-09-14 18:15:34,1694715334,202.00
2023-09-14 18:15:35,1694715335,202.00
2023-09-14 18:15:36,1694715336,202.00
2023-09-14 18:15:37,1694715337,202.00
2023-09-14 18:15:38,1694715338,202.00
2023-09-14 18:15:39,1694715339,202.00
2023-09-14 18:15:40,1694715340,202.00
2023-09-14 18:15:41,1694715341,202.00
2023-09-14 18:15:42,1694715342,202.00
2023-09-14 18:15:43,1694715343,202.00
2023-09-14 18:15:44,1694715344,202.00
2023-09-14 18:15:45,1694715345,202.00
2023-09-14 18:15:46,1694715346,202.00
2023-09-14 18:15:47,1694715347,202.00
2023-09-14 18:15:48,1694715348,202.00
2023-09-14 18:15:49,1694715349,202.00
2023-09-14 18:15:50,1694715350,202.00
2023-09-14 18:15:51,1694715351,202.00
2023-09-14 18:15:52,1694715352,202.00
2023-09-14 18:15:53,1694715353,202.00
2023-09-14 18:15:54,1694715354,202.00
2023-09-14 18:15:55,1694715355,202.00
2023-09-14 18:15:56,1694715356,202.00
2023-09-14 18:15:57,1694715357,202.00
2023-09-14 18:15:58,1694715358,202.00
2023-09-14 18:15:59,1694715359,202.00
2023-09-14 18:16:00,1694715360,202.00
2023-09-14 18:16:01,1694715361,202.00
2023-09-14 18:16:02,1694715362,202.00
2023-09-14 18:16:03,1694715363,202.00
2023-09-14 18:16:04,1694715364,202.00
2023-09-14 18:16:05,1694715365,202.00
2023-09-14 18:16:06,1694715366,202.00
2023-09-14 18:16:07,1694715367,202.00
2023-09-14 18:16:08,1694715368,202.00
2023-09-14 18:16:09,1694715369,202.00
2023-09-14 18:16:10,1694715370,202.00
2023-09-14 18:16:11,1694715371,202.00
2023-09-14 18:16:12,1694715372,202.00
2023-09-14 18:16:13,1694715373,202.00
2023-09-14 18:16:14,1694715374,202.00
2023-09-14 18:16:15,1694715375,202.00
2023-09-14 18:16:16,1694715376,202.00
2023-09-14 18:16:17,1694715377,202.00
2023-09-14 18:16:18,1694715378,202.00
2023-09-14 18:16:19,1694715379,202.00
2023-09-14 18:16:20,1694715380,202.00
2023-09-14 18:16:21,1694715381,202.00
2023-09-14 18:16:22,1694715382,202.00
2023-09-14 18:16:23,1694715383,202.00
2023-09-14 18:16:24,1694715384,202.00
2023-09-14 18:16:25,1694715385,202.00
2023-09-14 18:16:26,1694715386,202.00
2023-09-14 18:16:27,1694715387,202.00
2023-09-14 18:16:28,1694715388,202.00
2023-09-14 18:16:29,1694715389,202.00
2023-09-14 18:16:30,1694715390,202.00
2023-09-14 18:16:31,1694715391,202.00
2023-09-14 18:16:32,1694715392,202.00
2023-09-14 18:16:33,1694715393,202.00
2023-09-14 18:16:34,1694715394,202.00
2023-09-14 18:16:35,1694715395,202.00
2023-09-14 18:16:36,1694715396,201.00
2023-09-14 18:16:37,1694715397,201.00
2023-09-14 18:16:38,1694715398,201.00
2023-09-14 18:16:39,1694715399,201.00
2023-09-14 18:16:40,1694715400,201.00
2023-09-14 18:16:41,1694715401,201.00
2023-09-14 18:16:42,1694715402,201.00
2023-09-14 18:16:43,1694715403,201.00
2023-09-14 18:16:44,1694715404,201.00
2023-09-14 18:16:45,1694715405,201.00
2023-09-14 18:16:46,1694715406,201.00
2023-09-14 18:16:47,1694715407,201.00
2023-09-14 18:16:48,1694715408,201.00
2023-09-14 18:16:49,1694715409,201.00
2023-09-14 18:16:50,1694715410,201.00
2023-09-14 18:16:51,1694715411,201.00
2023-09-14 18:16:52,1694715412,201.00
2023-09-14 18:16:53,1694715413,201.00
2023-09-14 18:16:54,1694715414,201.00
2023-09-14 18:16:55,1694715415,201.00
2023-09-14 18:16:56,1694715416,201.00
2023-09-14 18:16:57,1694715417,201.00
2023-09-14 18:16:58,1694715418,201.00
2023-09-14 18:16:59,1694715419,201.00
2023-09-14 18:17:00,1694715420,201.00
2023-09-14 18:17:01,1694715421,201.00
2023-09-14 18:17:02,1694715422,201.00
2023-09-14 18:17:03,1694715423,201.00
2023-09-14 18:17:04,1694715424,201.00
2023-09-14 18:17:05,1694715425,201.00
2023-09-14 18:17:06,1694715426,201.00
2023-09-14 18:17:07,1694715427,201.00
2023-09-14 18:17:08,1694715428,201.00
2023-09-14 18:17:09,1694715429,201.00
2023-09-14 18:17:10,1694715430,201.00
2023-09-14 18:17:11,1694715431,201.00
2023-09-14 18:17:12,1694715432,201.00
2023-09-14 18:17:13,1694715433,201.00
2023-09-14 18:17:14,1694715434,201.00
2023-09-14 18:17:15,1694715435,201.00
2023-09-14 18:17:16,1694715436,201.00
2023-09-14 18:17:17,1694715437,201.00
2023-09-14 18:17:18,1694715438,201.00
2023-09-14 18:17:19,1694715439,201.00
2023-09-14 18:17:20,1694715440,201.00
2023-09-14 18:17:21,1694715441,201.00
2023-09-14 18:17:22,1694715442,201.00
2023-09-14 18:17:23,1694715443,201.00
2023-09-14 18:17:24,1694715444,201.00
2023-09-14 18:17:25,1694715445,201.00
2023-09-14 18:17:26,1694715446,201.00
2023-09-14 18:17:27,1694715447,201.00
2023-09-14 18:17:28,1694715448,201.00
2023-09-14 18:17:29,1694715449,201.00
2023-09-14 18:17:30,1694715450,201.00
2023-09-14 18:17:31,1694715451,201.00
2023-09-14 18:17:32,1694715452,201.00
2023-09-14 18:17:33,1694715453,201.00
2023-09-14 18:17:34,1694715454,201.00
2023-09-14 18:17:35,1694715455,201.00
2023-09-14 18:17:36,1694715456,201.00
2023-09-14 18:17:37,1694715457,201.00
2023-09-14 18:17:38,1694715458,201.00
2023-09-14 18:17:39,1694715459,201.00
2023-09-14 18:17:40,1694715460,201.00
2023-09-14 18:17:41,1694715461,201.00
2023-09-14 18:17:42,1694715462,201.00
2023-09-14 18:17:43,1694715463,201.00
2023-09-14 18:17:44,1694715464,201.00
2023-09-14 18:17:45,1694715465,201.00
2023-09-14 18:17:46,1694715466,201.00
2023-09-14 18:17:47,1694715467,201.00
2023-09-14 18:17:48,1694715468,201.00
2023-09-14 18:17:49,1694715469,201.00
2023-09-14 18:17:50,1694715470,201.00
2023-09-14 18:17:51,1694715471,201.00
2023-09-14 18:17:52,1694715472,201.00
2023-09-14 18:17:53,1694715473,201.00
2023-09-14 18:17:54,1694715474,201.00
2023-09-14 18:17:55,1694715475,201.00
2023-09-14 18:17:56,1694715476,201.00
2023-09-14 18:17:57,1694715477,201.00
2023-09-14 18:17:58,1694715478,201.00
2023-09-14 18:17:59,1694715479,201.00
2023-09-14 18:18:00,1694715480,201.00
2023-09-14 18:18:01,1694715481,201.00
2023-09-14 18:18:02,1694715482,201.00
2023-09-14 18:18:03,1694715483,201.00
2023-09-14 18:18:04,1694715484,201.00
2023-09-14 18:18:05,1694715485,201.00
2023-09-14 18:18:06,1694715486,201.00
2023-09-14 18:18:07,1694715487,201.00
2023-09-14 18:18:08,1694715488,201.00
2023-09-14 18:18:09,1694715489,201.00
2023-09-14 18:18:10,1694715490,201.00
2023-09-14 18:18:11,1694715491,201.00
2023-09-14 18:18:12,1694715492,201.00
2023-09-14 18:18:13,1694715493,201.00
2023-09-14 18:18:14,1694715494,201.00
2023-09-14 18:18:15,1694715495,201.00
2023-09-14 18:18:16,1694715496,201.00
2023-09-14 18:18:17,1694715497,201.00
2023-09-14 18:18:18,1694715498,201.00
2023-09-14 18:18:19,1694715499,201.00
2023-09-14 18:18:20,1694715500,201.00
2023-09-14 18:18:21,1694715501,201.00
2023-09-14 18:18:22,1694715502,201.00
2023-09-14 18:18:23,1694715503,201.00
2023-09-14 18:18:24,1694715504,201.00
2023-09-14 18:18:25,1694715505,201.00
2023-09-14 18:18:26,1694715506,201.00
2023-09-14 18:18:27,1694715507,201.00
2023-09-14 18:18:28,1694715508,201.00
2023-09-14 18:18:29,1694715509,201.00
2023-09-14 18:18:30,1694715510,201.00
2023-09-14 18:18:31,1694715511,201.00
2023-09-14 18:18:32,1694715512,201.00
2023-09-14 18:18:33,1694715513,201.00
2023-09-14 18:18:34,1694715514,201.00
2023-09-14 18:18:35,1694715515,201.00
2023-09-14 18:18:36,1694715516,201.00
2023-09-14 18:18:37,1694715517,201.00
2023-09-14 18:18:38,1694715518,201.00
2023-09-14 18:18:39,1694715519,201.00
2023-09-14 18:18:40,1694715520,201.00
2023-09-14 18:18:41,1694715521,201.00
2023-09-14 18:18:42,1694715522,201.00
2023-09-14 18:18:43,1694715523,201.00
2023-09-14 18:18:44,1694715524,201.00
2023-09-14 18:18:45,1694715525,201.00
2023-09-14 18:18:46,1694715526,201.00
2023-09-14 18:18:47,1694715527,201.00
2023-09-14 18:18:48,1694715528,201.00
2023-09-14 18:18:49,1694715529,201.00
2023-09-14 18:18:50,1694715530,201.00
2023-09-14 18:18:51,1694715531,201.00
2023-09-14 18:18:52,1694715532,201.00
2023-09-14 18:18:53,1694715533,201.00
2023-09-14 18:18:54,1694715534,201.00
2023-09-14 18:18:55,1694715535,201.00
2023-09-14 18:18:56,1694715536,201.00
2023-09-14 18:18:57,1694715537,201.00
2023-09-14 18:18:58,1694715538,201.00
2023-09-14 18:18:59,1694715539,201.00
2023-09-14 18:19:00,1694715540,201.00
2023-09-14 18:19:01,1694715541,201.00
2023-09-14 18:19:02,1694715542,201.00
2023-09-14 18:19:03,1694715543,201.00
2023-09-14 18:19:04,1694715544,201.00
2023-09-14 18:19:05,1694715545,201.00
2023-09-14 18:19:06,1694715546,201.00
2023-09-14 18:19:07,1694715547,201.00
2023-09-14 18:19:08,1694715548,201.00
2023-09-14 18:19:09,1694715549,201.00
2023-09-14 18:19:10,1694715550,201.00
2023-09-14 18:19:11,1694715551,201.00
2023-09-14 18:19:12,1694715552,201.00
2023-09-14 18:19:13,1694715553,201.00
2023-09-14 18:19:14,1694715554,201.00
2023-09-14 18:19:15,1694715555,201.00
2023-09-14 18:19:16,1694715556,201.00
2023-09-14 18:19:17,1694715557,201.00
2023-09-14 18:19:18,1694715558,201.00
2023-09-14 18:19:19,1694715559,201.00
2023-09-14 18:19:20,1694715560,201.00
2023-09-14 18:19:21,1694715561,201.00
2023-09-14 18:19:22,1694715562,201.00
2023-09-14 18:19:23,1694715563,201.00
2023-09-14 18:19:24,1694715564,201.00
2023-09-14 18:19:25,1694715565,201.00
2023-09-14 18:19:26,1694715566,201.00
2023-09-14 18:19:27,1694715567,201.00
2023-09-14 18:19:28,1694715568,201.00
2023-09-14 18:19:29,1694715569,201.00
2023-09-14 18:19:30,1694715570,201.00
2023-09-14 18:19:31,1694715571,201.00
2023-09-14 18:19:32,1694715572,201.00
2023-09-14 18:19:33,1694715573,201.00
2023-09-14 18:19:34,1694715574,201.00
2023-09-14 18:19:35,1694715575,201.00
2023-09-14 18:19:36,1694715576,201.00
2023-09-14 18:19:37,1694715577,201.00
2023-09-14 18:19:38,1694715578,201.00
2023-09-14 18:19:39,1694715579,201.00
2023-09-14 18:19:40,1694715580,201.00
2023-09-14 18:19:41,1694715581,201.00
2023-09-14 18:19:42,1694715582,201.00
2023-09-14 18:19:43,1694715583,201.00
2023-09-14 18:19:44,1694715584,201.00
2023-09-14 18:19:45,1694715585,201.00
2023-09-14 18:19:46,1694715586,201.00
2023-09-14 18:19:47,1694715587,201.00
2023-09-14 18:19:48,1694715588,201.00
2023-09-14 18:19:49,1694715589,201.00
2023-09-14 18:19:50,1694715590,201.00
2023-09-14 18:19:51,1694715591,201.00
2023-09-14 18:19:52,1694715592,201.00
2023-09-14 18:19:53,1694715593,201.00
2023-09-14 18:19:54,1694715594,201.00
2023-09-14 18:19:55,1694715595,201.00
2023-09-14 18:19:56,1694715596,201.00
2023-09-14 18:19:57,1694715597,201.00
2023-09-14 18:19:58,1694715598,201.00
2023-09-14 18:19:59,1694715599,201.00
2023-09-14 18:20:00,1694715600,201.00
2023-09-14 18:20:01,1694715601,201.00
2023-09-14 18:20:02,1694715602,201.00
2023-09-14 18:20:03,1694715603,201.00
2023-09-14 18:20:04,1694715604,201.00
2023-09-14 18:20:05,1694715605,201.00
2023-09-14 18:20:06,1694715606,201.00
2023-09-14 18:20:07,1694715607,201.00
2023-09-14 18:20:08,1694715608,201.00
2023-09-14 18:20:09,1694715609,201.00
2023-09-14 18:20:10,1694715610,201.00
2023-09-14 18:20:11,1694715611,201.00
2023-09-14 18:20:12,1694715612,201.00
2023-09-14 18:20:13,1694715613,201.00
2023-09-14 18:20:14,1694715614,201.00
2023-09-14 18:20:15,1694715615,201.00
2023-09-14 18:20:16,1694715616,201.00
2023-09-14 18:20:17,1694715617,201.00
2023-09-14 18:20:18,1694715618,201.00
2023-09-14 18:20:19,1694715619,201.00
2023-09-14 18:20:20,1694715620,201.00
2023-09-14 18:20:21,1694715621,201.00
2023-09-14 18:20:22,1694715622,201.00
2023-09-14 18:20:23,1694715623,201.00
2023-09-14 18:20:24,1694715624,201.00
2023-09-14 18:20:25,1694715625,201.00
2023-09-14 18:20:26,1694715626,201.00
2023-09-14 18:20:27,1694715627,201.00
2023-09-14 18:20:28,1694715628,201.00
2023-09-14 18:20:29,1694715629,201.00
2023-09-14 18:20:30,1694715630,201.00
2023-09-14 18:20:31,1694715631,201.00
2023-09-14 18:20:32,1694715632,201.00
2023-09-14 18:20:33,1694715633,201.00
2023-09-14 18:20:34,1694715634,201.00
2023-09-14 18:20:35,1694715635,201.00
2023-09-14 18:20:36,1694715636,201.00
2023-09-14 18:20:37,1694715637,201.00
2023-09-14 18:20:38,1694715638,201.00
2023-09-14 18:20:39,1694715639,201.00
2023-09-14 18:20:40,1694715640,201.00
2023-09-14 18:20:41,1694715641,201.00
2023-09-14 18:20:42,1694715642,201.00
2023-09-14 18:20:43,1694715643,201.00
2023-09-14 18:20:44,1694715644,201.00
2023-09-14 18:20:45,1694715645,201.00
2023-09-14 18:20:46,1694715646,201.00
2023-09-14 18:20:47,1694715647,201.00
2023-09-14 18:20:48,1694715648,201.00
2023-09-14 18:20:49,1694715649,201.00
2023-09-14 18:20:50,1694715650,201.00
2023-09-14 18:20:51,1694715651,201.00
2023-09-14 18:20:52,1694715652,201.00
2023-09-14 18:20:53,1694715653,201.00
2023-09-14 18:20:54,1694715654,201.00
2023-09-14 18:20:55,1694715655,201.00
2023-09-14 18:20:56,1694715656,201.00
2023-09-14 18:20:57,1694715657,201.00
2023-09-14 18:20:58,1694715658,201.00
2023-09-14 18:20:59,1694715659,201.00
2023-09-14 18:21:00,1694715660,201.00
2023-09-14 18:21:01,1694715661,201.00
2023-09-14 18:21:02,1694715662,201.00
2023-09-14 18:21:03,1694715663,201.00
2023-09-14 18:21:04,1694715664,201.00
2023-09-14 18:21:05,1694715665,201.00
2023-09-14 18:21:06,1694715666,201.00
2023-09-14 18:21:07,1694715667,201.00
2023-09-14 18:21:08,1694715668,201.00
2023-09-14 18:21:09,1694715669,201.00
2023-09-14 18:21:10,1694715670,201.00
2023-09-14 18:21:11,1694715671,201.00
2023-09-14 18:21:12,1694715672,201.00
2023-09-14 18:21:13,1694715673,201.00
2023-09-14 18:21:14,1694715674,201.00
2023-09-14 18:21:15,1694715675,201.00
2023-09-14 18:21:16,1694715676,201.00
2023-09-14 18:21:17,1694715677,201.00
2023-09-14 18:21:18,1694715678,201.00
2023-09-14 18:21:19,1694715679,201.00
2023-09-14 18:21:20,1694715680,201.00
2023-09-14 18:21:21,1694715681,201.00
2023-09-14 18:21:22,1694715682,201.00
2023-09-14 18:21:23,1694715683,201.00
2023-09-14 18:21:24,1694715684,201.00
2023-09-14 18:21:25,1694715685,201.00
2023-09-14 18:21:26,1694715686,201.00
2023-09-14 18:21:27,1694715687,201.00
2023-09-14 18:21:28,1694715688,201.00
2023-09-14 18:21:29,1694715689,201.00
2023-09-14 18:21:30,1694715690,201.00
2023-09-14 18:21:31,1694715691,201.00
2023-09-14 18:21:32,1694715692,201.00
2023-09-14 18:21:33,1694715693,201.00
2023-09-14 18:21:34,1694715694,201.00
2023-09-14 18:21:35,1694715695,201.00
2023-09-14 18:21:36,1694715696,201.00
2023-09-14 18:21:37,1694715697,201.00
2023-09-14 18:21:38,1694715698,201.00
2023-09-14 18:21:39,1694715699,201.00
2023-09-14 18:21:40,1694715700,201.00
2023-09-14 18:21:41,1694715701,201.00
2023-09-14 18:21:42,1694715702,201.00
2023-09-14 18:21:43,1694715703,201.00
2023-09-14 18:21:44,1694715704,201.00
2023-09-14 18:21:45,1694715705,201.00
2023-09-14 18:21:46,1694715706,201.00
2023-09-14 18:21:47,1694715707,201.00
2023-09-14 18:21:48,1694715708,201.00
2023-09-14 18:21:49,1694715709,201.00
2023-09-14 18:21:50,1694715710,201.00
2023-09-14 18:21:51,1694715711,201.00
2023-09-14 18:21:52,1694715712,201.00
2023-09-14 18:21:53,1694715713,201.00
2023-09-14 18:21:54,1694715714,201.00
2023-09-14 18:21:55,1694715715,201.00
2023-09-14 18:21:56,1694715716,201.00
2023-09-14 18:21:57,1694715717,201.00
2023-09-14 18:21:58,1694715718,201.00
2023-09-14 18:21:59,1694715719,201.00
2023-09-14 18:22:00,1694715720,201.00
2023-09-14 18:22:01,1694715721,201.00
2023-09-14 18:22:02,1694715722,201.00
2023-09-14 18:22:03,1694715723,201.00
2023-09-14 18:22:04,1694715724,201.00
2023-09-14 18:22:05,1694715725,201.00
2023-09-14 18:22:06,1694715726,201.00
2023-09-14 18:22:07,1694715727,201.00
2023-09-14 18:22:08,1694715728,201.00
2023-09-14 18:22:09,1694715729,201.00
2023-09-14 18:22:10,1694715730,201.00
2023-09-14 18:22:11,1694715731,201.00
2023-09-14 18:22:12,1694715732,201.00
2023-09-14 18:22:13,1694715733,201.00
2023-09-14 18:22:14,1694715734,201.00
2023-09-14 18:22:15,1694715735,201.00
2023-09-14 18:22:16,1694715736,201.00
2023-09-14 18:22:17,1694715737,201.00
2023-09-14 18:22:18,1694715738,201.00
2023-09-14 18:22:19,1694715739,201.00
2023-09-14 18:22:20,1694715740,201.00
2023-09-14 18:22:21,1694715741,201.00
2023-09-14 18:22:22,1694715742,201.00
2023-09-14 18:22:23,1694715743,201.00
2023-09-14 18:22:24,1694715744,201.00
2023-09-14 18:22:25,1694715745,201.00
2023-09-14 18:22:26,1694715746,201.00
2023-09-14 18:22:27,1694715747,201.00
2023-09-14 18:22:28,1694715748,201.00
2023-09-14 18:22:29,1694715749,201.00
2023-09-14 18:22:30,1694715750,201.00
2023-09-14 18:22:31,1694715751,201.00
2023-09-14 18:22:32,1694715752,201.00
2023-09-14 18:22:33,1694715753,201.00
2023-09-14 18:22:34,1694715754,201.00
2023-09-14 18:22:35,1694715755,201.00
2023-09-14 18:22:36,1694715756,201.00
2023-09-14 18:22:37,1694715757,201.00
2023-09-14 18:22:38,1694715758,201.00
2023-09-14 18:22:39,1694715759,201.00
2023-09-14 18:22:40,1694715760,201.00
2023-09-14 18:22:41,1694715761,201.00
2023-09-14 18:22:42,1694715762,201.00
2023-09-14 18:22:43,1694715763,201.00
2023-09-14 18:22:44,1694715764,201.00
2023-09-14 18:22:45,1694715765,201.00
2023-09-14 18:22:46,1694715766,201.00
2023-09-14 18:22:47,1694715767,201.00
2023-09-14 18:22:48,1694715768,201.00
2023-09-14 18:22:49,1694715769,201.00
2023-09-14 18:22:50,1694715770,201.00
2023-09-14 18:22:51,1694715771,201.00
2023-09-14 18:22:52,1694715772,201.00
2023-09-14 18:22:53,1694715773,201.00
2023-09-14 18:22:54,1694715774,201.00
2023-09-14 18:22:55,1694715775,201.00
2023-09-14 18:22:56,1694715776,201.00
2023-09-14 18:22:57,1694715777,201.00
2023-09-14 18:22:58,1694715778,201.00
2023-09-14 18:22:59,1694715779,201.00
2023-09-14 18:23:00,1694715780,201.00
2023-09-14 18:23:01,1694715781,201.00
2023-09-14 18:23:02,1694715782,201.00
2023-09-14 18:23:03,1694715783,201.00
2023-09-14 18:23:04,1694715784,201.00
2023-09-14 18:23:05,1694715785,201.00
2023-09-14 18:23:06,1694715786,201.00
2023-09-14 18:23:07,1694715787,201.00
2023-09-14 18:23:08,1694715788,201.00
2023-09-14 18:23:09,1694715789,201.00
2023-09-14 18:23:10,1694715790,201.00
2023-09-14 18:23:11,1694715791,201.00
2023-09-14 18:23:12,1694715792,201.00
2023-09-14 18:23:13,1694715793,201.00
2023-09-14 18:23:14,1694715794,201.00
2023-09-14 18:23:15,1694715795,201.00
2023-09-14 18:23:16,1694715796,201.00
2023-09-14 18:23:17,1694715797,201.00
2023-09-14 18:23:18,1694715798,201.00
2023-09-14 18:23:19,1694715799,201.00
2023-09-14 18:23:20,1694715800,201.00
2023-09-14 18:23:21,1694715801,201.00
2023-09-14 18:23:22,1694715802,201.00
2023-09-14 18:23:23,1694715803,201.00
2023-09-14 18:23:24,1694715804,201.00
2023-09-14 18:23:25,1694715805,201.00
2023-09-14 18:23:26,1694715806,201.00
2023-09-14 18:23:27,1694715807,201.00
2023-09-14 18:23:28,1694715808,201.00
2023-09-14 18:23:29,1694715809,201.00
2023-09-14 18:23:30,1694715810,201.00
2023-09-14 18:23:31,1694715811,201.00
2023-09-14 18:23:32,1694715812,201.00
2023-09-14 18:23:33,1694715813,201.00
2023-09-14 18:23:34,1694715814,201.00
2023-09-14 18:23:35,1694715815,201.00
2023-09-14 18:23:36,1694715816,201.00
2023-09-14 18:23:37,1694715817,201.00
2023-09-14 18:23:38,1694715818,201.00
2023-09-14 18:23:39,1694715819,201.00
2023-09-14 18:23:40,1694715820,201.00
2023-09-14 18:23:41,1694715821,201.00
2023-09-14 18:23:42,1694715822,201.00
2023-09-14 18:23:43,1694715823,201.00
2023-09-14 18:23:44,1694715824,201.00
2023-09-14 18:23:45,1694715825,201.00
2023-09-14 18:23:46,1694715826,201.00
2023-09-14 18:23:47,1694715827,201.00
2023-09-14 18:23:48,1694715828,201.00
2023-09-14 18:23:49,1694715829,201.00
2023-09-14 18:23:50,1694715830,201.00
2023-09-14 18:23:51,1694715831,201.00
2023-09-14 18:23:52,1694715832,201.00
2023-09-14 18:23:53,1694715833,201.00
2023-09-14 18:23:54,1694715834,201.00
2023-09-14 18:23:55,1694715835,201.00
2023-09-14 18:23:56,1694715836,201.00
2023-09-14 18:23:57,1694715837,201.00
2023-09-14 18:23:58,1694715838,201.00
2023-09-14 18:23:59,1694715839,201.00
2023-09-14 18:24:00,1694715840,201.00
2023-09-14 18:24:01,1694715841,201.00
2023-09-14 18:24:02,1694715842,201.00
2023-09-14 18:24:03,1694715843,201.00
2023-09-14 18:24:04,1694715844,201.00
2023-09-14 18:24:05,1694715845,201.00
2023-09-14 18:24:06,1694715846,201.00
2023-09-14 18:24:07,1694715847,201.00
2023-09-14 18:24:08,1694715848,201.00
2023-09-14 18:24:09,1694715849,201.00
2023-09-14 18:24:10,1694715850,201.00
2023-09-14 18:24:11,1694715851,201.00
2023-09-14 18:24:12,1694715852,201.00
2023-09-14 18:24:13,1694715853,201.00
2023-09-14 18:24:14,1694715854,201.00
2023-09-14 18:24:15,1694715855,201.00
2023-09-14 18:24:16,1694715856,201.00
2023-09-14 18:24:17,1694715857,201.00
2023-09-14 18:24:18,1694715858,201.00
2023-09-14 18:24:19,1694715859,201.00
2023-09-14 18:24:20,1694715860,201.00
2023-09-14 18:24:21,1694715861,201.00
2023-09-14 18:24:22,1694715862,201.00
2023-09-14 18:24:23,1694715863,201.00
2023-09-14 18:24:24,1694715864,201.00
2023-09-14 18:24:25,1694715865,201.00
2023-09-14 18:24:26,1694715866,201.00
2023-09-14 18:24:27,1694715867,201.00
2023-09-14 18:24:28,1694715868,201.00
2023-09-14 18:24:29,1694715869,201.00
2023-09-14 18:24:30,1694715870,201.00
2023-09-14 18:24:31,1694715871,201.00
2023-09-14 18:24:32,1694715872,201.00
2023-09-14 18:24:33,1694715873,201.00
2023-09-14 18:24:34,1694715874,201.00
2023-09-14 18:24:35,1694715875,201.00
2023-09-14 18:24:36,1694715876,201.00
2023-09-14 18:24:37,1694715877,201.00
2023-09-14 18:24:38,1694715878,201.00
2023-09-14 18:24:39,1694715879,201.00
2023-09-14 18:24:40,1694715880,201.00
2023-09-14 18:24:41,1694715881,201.00
2023-09-14 18:24:42,1694715882,201.00
2023-09-14 18:24:43,1694715883,201.00
2023-09-14 18:24:44,1694715884,201.00
2023-09-14 18:24:45,1694715885,201.00
2023-09-14 18:24:46,1694715886,201.00
2023-09-14 18:24:47,1694715887,201.00
2023-09-14 18:24:48,1694715888,201.00
2023-09-14 18:24:49,1694715889,201.00
2023-09-14 18:24:50,1694715890,201.00
2023-09-14 18:24:51,1694715891,201.00
2023-09-14 18:24:52,1694715892,201.00
2023-09-14 18:24:53,1694715893,201.00
2023-09-14 18:24:54,1694715894,201.00
2023-09-14 18:24:55,1694715895,201.00
2023-09-14 18:24:56,1694715896,201.00
2023-09-14 18:24:57,1694715897,201.00
2023-09-14 18:24:58,1694715898,201.00
2023-09-14 18:24:59,1694715899,201.00
2023-09-14 18:25:00,1694715900,201.00
2023-09-14 18:25:01,1694715901,201.00
2023-09-14 18:25:02,1694715902,201.00
2023-09-14 18:25:03,1694715903,201.00
2023-09-14 18:25:04,1694715904,201.00
2023-09-14 18:25:05,1694715905,201.00
2023-09-14 18:25:06,1694715906,201.00
2023-09-14 18:25:07,1694715907,201.00
2023-09-14 18:25:08,1694715908,201.00
2023-09-14 18:25:09,1694715909,201.00
2023-09-14 18:25:10,1694715910,201.00
2023-09-14 18:25:11,1694715911,201.00
2023-09-14 18:25:12,1694715912,201.00
2023-09-14 18:25:13,1694715913,201.00
2023-09-14 18:25:14,1694715914,201.00
2023-09-14 18:25:15,1694715915,201.00
2023-09-14 18:25:16,1694715916,201.00
2023-09-14 18:25:17,1694715917,201.00
2023-09-14 18:25:18,1694715918,201.00
2023-09-14 18:25:19,1694715919,201.00
2023-09-14 18:25:20,1694715920,201.00
2023-09-14 18:25:21,1694715921,201.00
2023-09-14 18:25:22,1694715922,201.00
2023-09-14 18:25:23,1694715923,201.00
2023-09-14 18:25:24,1694715924,201.00
2023-09-14 18:25:25,1694715925,201.00
2023-09-14 18:25:26,1694715926,201.00
2023-09-14 18:25:27,1694715927,201.00
2023-09-14 18:25:28,1694715928,201.00
2023-09-14 18:25:29,1694715929,201.00
2023-09-14 18:25:30,1694715930,201.00
2023-09-14 18:25:31,1694715931,201.00
2023-09-14 18:25:32,1694715932,201.00
2023-09-14 18:25:33,1694715933,201.00
2023-09-14 18:25:34,1694715934,201.00
2023-09-14 18:25:35,1694715935,201.00
2023-09-14 18:25:36,1694715936,201.00
2023-09-14 18:25:37,1694715937,201.00
2023-09-14 18:25:38,1694715938,201.00
2023-09-14 18:25:39,1694715939,201.00
2023-09-14 18:25:40,1694715940,201.00
2023-09-14 18:25:41,1694715941,201.00
2023-09-14 18:25:42,1694715942,201.00
2023-09-14 18:25:43,1694715943,201.00
2023-09-14 18:25:44,1694715944,201.00
2023-09-14 18:25:45,1694715945,201.00
2023-09-14 18:25:46,1694715946,201.00
2023-09-14 18:25:47,1694715947,201.00
2023-09-14 18:25:48,1694715948,201.00
2023-09-14 18:25:49,1694715949,201.00
2023-09-14 18:25:50,1694715950,201.00
2023-09-14 18:25:51,1694715951,201.00
2023-09-14 18:25:52,1694715952,201.00
2023-09-14 18:25:53,1694715953,201.00
2023-09-14 18:25:54,1694715954,201.00
2023-09-14 18:25:55,1694715955,201.00
2023-09-14 18:25:56,1694715956,201.00
2023-09-14 18:25:57,1694715957,201.00
2023-09-14 18:25:58,1694715958,201.00
2023-09-14 18:25:59,1694715959,201.00
2023-09-14 18:26:00,1694715960,201.00
2023-09-14 18:26:01,1694715961,201.00
2023-09-14 18:26:02,1694715962,201.00
2023-09-14 18:26:03,1694715963,201.00
2023-09-14 18:26:04,1694715964,201.00
2023-09-14 18:26:05,1694715965,201.00
2023-09-14 18:26:06,1694715966,201.00
2023-09-14 18:26:07,1694715967,201.00
2023-09-14 18:26:08,1694715968,201.00
2023-09-14 18:26:09,1694715969,201.00
2023-09-14 18:26:10,1694715970,201.00
2023-09-14 18:26:11,1694715971,201.00
2023-09-14 18:26:12,1694715972,201.00
2023-09-14 18:26:13,1694715973,201.00
2023-09-14 18:26:14,1694715974,201.00
2023-09-14 18:26:15,1694715975,201.00
2023-09-14 18:26:16,1694715976,201.00
2023-09-14 18:26:17,1694715977,201.00
2023-09-14 18:26:18,1694715978,201.00
2023-09-14 18:26:19,1694715979,201.00
2023-09-14 18:26:20,1694715980,201.00
2023-09-14 18:26:21,1694715981,201.00
2023-09-14 18:26:22,1694715982,201.00
2023-09-14 18:26:23,1694715983,201.00
2023-09-14 18:26:24,1694715984,201.00
2023-09-14 18:26:25,1694715985,201.00
2023-09-14 18:26:26,1694715986,201.00
2023-09-14 18:26:27,1694715987,201.00
2023-09-14 18:26:28,1694715988,201.00
2023-09-14 18:26:29,1694715989,201.00
2023-09-14 18:26:30,1694715990,201.00
2023-09-14 18:26:31,1694715991,201.00
2023-09-14 18:26:32,1694715992,201.00
2023-09-14 18:26:33,1694715993,201.00
2023-09-14 18:26:34,1694715994,201.00
2023-09-14 18:26:35,1694715995,201.00
2023-09-14 18:26:36,1694715996,201.00
2023-09-14 18:26:37,1694715997,201.00
2023-09-14 18:26:38,1694715998,201.00
2023-09-14 18:26:39,1694715999,201.00
2023-09-14 18:26:40,1694716000,201.00
2023-09-14 18:26:41,1694716001,201.00
2023-09-14 18:26:42,1694716002,201.00
2023-09-14 18:26:43,1694716003,201.00
2023-09-14 18:26:44,1694716004,201.00
2023-09-14 18:26:45,1694716005,201.00
2023-09-14 18:26:46,1694716006,201.00
2023-09-14 18:26:47,1694716007,201.00
2023-09-14 18:26:48,1694716008,201.00
2023-09-14 18:26:49,1694716009,201.00
2023-09-14 18:26:50,1694716010,201.00
2023-09-14 18:26:51,1694716011,201.00
2023-09-14 18:26:52,1694716012,201.00
2023-09-14 18:26:53,1694716013,201.00
2023-09-14 18:26:54,1694716014,201.00
2023-09-14 18:26:55,1694716015,201.00
2023-09-14 18:26:56,1694716016,201.00
2023-09-14 18:26:57,1694716017,201.00
2023-09-14 18:26:58,1694716018,201.00
2023-09-14 18:26:59,1694716019,201.00
2023-09-14 18:27:00,1694716020,201.00
2023-09-14 18:27:01,1694716021,201.00
2023-09-14 18:27:02,1694716022,201.00
2023-09-14 18:27:03,1694716023,201.00
2023-09-14 18:27:04,1694716024,201.00
2023-09-14 18:27:05,1694716025,201.00
2023-09-14 18:27:06,1694716026,201.00
2023-09-14 18:27:07,1694716027,201.00
2023-09-14 18:27:08,1694716028,201.00
2023-09-14 18:27:09,1694716029,201.00
2023-09-14 18:27:10,1694716030,201.00
2023-09-14 18:27:11,1694716031,201.00
2023-09-14 18:27:12,1694716032,201.00
2023-09-14 18:27:13,1694716033,201.00
2023-09-14 18:27:14,1694716034,201.00
2023-09-14 18:27:15,1694716035,201.00
2023-09-14 18:27:16,1694716036,201.00
2023-09-14 18:27:17,1694716037,201.00
2023-09-14 18:27:18,1694716038,201.00
2023-09-14 18:27:19,1694716039,201.00
2023-09-14 18:27:20,1694716040,201.00
2023-09-14 18:27:21,1694716041,201.00
2023-09-14 18:27:22,1694716042,201.00
2023-09-14 18:27:23,1694716043,201.00
2023-09-14 18:27:24,1694716044,201.00
2023-09-14 18:27:25,1694716045,201.00
2023-09-14 18:27:26,1694716046,201.00
2023-09-14 18:27:27,1694716047,201.00
2023-09-14 18:27:28,1694716048,201.00
2023-09-14 18:27:29,1694716049,201.00
2023-09-14 18:27:30,1694716050,201.00
2023-09-14 18:27:31,1694716051,201.00
2023-09-14 18:27:32,1694716052,201.00
2023-09-14 18:27:33,1694716053,201.00
2023-09-14 18:27:34,1694716054,201.00
2023-09-14 18:27:35,1694716055,201.00
2023-09-14 18:27:36,1694716056,201.00
2023-09-14 18:27:37,1694716057,201.00
2023-09-14 18:27:38,1694716058,201.00
2023-09-14 18:27:39,1694716059,201.00
2023-09-14 18:27:40,1694716060,201.00
2023-09-14 18:27:41,1694716061,201.00
2023-09-14 18:27:42,1694716062,201.00
2023-09-14 18:27:43,1694716063,201.00
2023-09-14 18:27:44,1694716064,201.00
2023-09-14 18:27:45,1694716065,201.00
2023-09-14 18:27:46,1694716066,200.00
2023-09-14 18:27:47,1694716067,200.00
2023-09-14 18:27:48,1694716068,200.00
2023-09-14 18:27:49,1694716069,200.00
2023-09-14 18:27:50,1694716070,200.00
2023-09-14 18:27:51,1694716071,200.00
2023-09-14 18:27:52,1694716072,200.00
2023-09-14 18:27:53,1694716073,200.00
2023-09-14 18:27:54,1694716074,200.00
2023-09-14 18:27:55,1694716075,200.00
2023-09-14 18:27:56,1694716076,201.00
2023-09-14 18:27:57,1694716077,201.00
2023-09-14 18:27:58,1694716078,201.00
2023-09-14 18:27:59,1694716079,201.00
2023-09-14 18:28:00,1694716080,201.00
2023-09-14 18:28:01,1694716081,201.00
2023-09-14 18:28:02,1694716082,201.00
2023-09-14 18:28:03,1694716083,201.00
2023-09-14 18:28:04,1694716084,201.00
2023-09-14 18:28:05,1694716085,201.00
2023-09-14 18:28:06,1694716086,201.00
2023-09-14 18:28:07,1694716087,201.00
2023-09-14 18:28:08,1694716088,201.00
2023-09-14 18:28:09,1694716089,201.00
2023-09-14 18:28:10,1694716090,201.00
2023-09-14 18:28:11,1694716091,201.00
2023-09-14 18:28:12,1694716092,201.00
2023-09-14 18:28:13,1694716093,201.00
2023-09-14 18:28:14,1694716094,201.00
2023-09-14 18:28:15,1694716095,201.00
2023-09-14 18:28:16,1694716096,201.00
2023-09-14 18:28:17,1694716097,201.00
2023-09-14 18:28:18,1694716098,201.00
2023-09-14 18:28:19,1694716099,201.00
2023-09-14 18:28:20,1694716100,201.00
2023-09-14 18:28:21,1694716101,201.00
2023-09-14 18:28:22,1694716102,201.00
2023-09-14 18:28:23,1694716103,201.00
2023-09-14 18:28:24,1694716104,201.00
2023-09-14 18:28:25,1694716105,201.00
2023-09-14 18:28:26,1694716106,201.00
2023-09-14 18:28:27,1694716107,201.00
2023-09-14 18:28:28,1694716108,201.00
2023-09-14 18:28:29,1694716109,201.00
2023-09-14 18:28:30,1694716110,201.00
2023-09-14 18:28:31,1694716111,201.00
2023-09-14 18:28:32,1694716112,201.00
2023-09-14 18:28:33,1694716113,201.00
2023-09-14 18:28:34,1694716114,201.00
2023-09-14 18:28:35,1694716115,201.00
2023-09-14 18:28:36,1694716116,201.00
2023-09-14 18:28:37,1694716117,201.00
2023-09-14 18:28:38,1694716118,201.00
2023-09-14 18:28:39,1694716119,201.00
2023-09-14 18:28:40,1694716120,201.00
2023-09-14 18:28:41,1694716121,201.00
2023-09-14 18:28:42,1694716122,201.00
2023-09-14 18:28:43,1694716123,201.00
2023-09-14 18:28:44,1694716124,201.00
2023-09-14 18:28:45,1694716125,201.00
2023-09-14 18:28:46,1694716126,201.00
2023-09-14 18:28:47,1694716127,201.00
2023-09-14 18:28:48,1694716128,201.00
2023-09-14 18:28:49,1694716129,201.00
2023-09-14 18:28:50,1694716130,201.00
2023-09-14 18:28:51,1694716131,201.00
2023-09-14 18:28:52,1694716132,201.00
2023-09-14 18:28:53,1694716133,201.00
2023-09-14 18:28:54,1694716134,201.00
2023-09-14 18:28:55,1694716135,201.00
2023-09-14 18:28:56,1694716136,201.00
2023-09-14 18:28:57,1694716137,201.00
2023-09-14 18:28:58,1694716138,201.00
2023-09-14 18:28:59,1694716139,201.00
2023-09-14 18:29:00,1694716140,201.00
2023-09-14 18:29:01,1694716141,201.00
2023-09-14 18:29:02,1694716142,201.00
2023-09-14 18:29:03,1694716143,201.00
2023-09-14 18:29:04,1694716144,201.00
2023-09-14 18:29:05,1694716145,201.00
2023-09-14 18:29:06,1694716146,201.00
2023-09-14 18:29:07,1694716147,201.00
2023-09-14 18:29:08,1694716148,201.00
2023-09-14 18:29:09,1694716149,201.00
2023-09-14 18:29:10,1694716150,201.00
2023-09-14 18:29:11,1694716151,201.00
2023-09-14 18:29:12,1694716152,201.00
2023-09-14 18:29:13,1694716153,201.00
2023-09-14 18:29:14,1694716154,201.00
2023-09-14 18:29:15,1694716155,201.00
2023-09-14 18:29:16,1694716156,201.00
2023-09-14 18:29:17,1694716157,201.00
2023-09-14 18:29:18,1694716158,201.00
2023-09-14 18:29:19,1694716159,201.00
2023-09-14 18:29:20,1694716160,201.00
2023-09-14 18:29:21,1694716161,201.00
2023-09-14 18:29:22,1694716162,201.00
2023-09-14 18:29:23,1694716163,201.00
2023-09-14 18:29:24,1694716164,201.00
2023-09-14 18:29:25,1694716165,201.00
2023-09-14 18:29:26,1694716166,201.00
2023-09-14 18:29:27,1694716167,201.00
2023-09-14 18:29:28,1694716168,201.00
2023-09-14 18:29:29,1694716169,201.00
2023-09-14 18:29:30,1694716170,201.00
2023-09-14 18:29:31,1694716171,201.00
2023-09-14 18:29:32,1694716172,201.00
2023-09-14 18:29:33,1694716173,201.00
2023-09-14 18:29:34,1694716174,201.00
2023-09-14 18:29:35,1694716175,201.00
2023-09-14 18:29:36,1694716176,201.00
2023-09-14 18:29:37,1694716177,201.00
2023-09-14 18:29:38,1694716178,201.00
